
{
  "nombre_persona": "Ezequiel",
  "apellido_persona": "Ramírez",
  "fecha_nacimiento_persona": "1988-07-19",
  "num_doc_persona": "28455678",
  "tipo_documento": "DNI",
  "usuario_id": null,

  "contacto": {
    "telefono_fijo": "011-4356789",
    "telefono_movil": "1133344455",
    "red_social_contacto": "",
    "red_social_nombre": "",
    "email_contacto": "ezequiel.ramirez@example.com",
    "observacion_contacto": "Prefiere contacto después de las 17 hs"
  },

  "domicilio": {
    "domicilio_calle": "Mitre",
    "domicilio_numero": "1450",
    "domicilio_piso": "3",
    "domicilio_dpto": "B",
    "domicilio_referencia": "Frente a la plaza principal",
    "codigo_postal": {
      "codigo_postal": "7540",
      "localidad": "Coronel Suarez"
    }
  },

  "persona_extendida": {
    "estado_civil": "",
    "ocupacion": "",
    "estudios_alcanzados": "",
    "vencimiento_dni": "2032-12-25",
    "foto_perfil": ""
  }
}